buyer_identifier,seller_identifier,pns_call_recording_url,mcat_id_x,mcat_name,pns_call_record_started_at,pns_call_record_ended_at,call_duration,pns_call_caller_city_id,city_name,state_name,pns_custtype_id,pns_call_modrefname,pns_call_source_modid,seller_vintage_days,pns_call_ring_duration,mcat_id_y,url,gcs_path,Signed_URL
236882381,185654254,https://openapi.airtel.in/gateway/airtel-xchange/call/recording?token=XSozh4ATtnka/cY4NT9sTtQGTgVxQXuy0EDTyEbPspMcFdLJEzIJzM55tqJy1D/HYXPszkyfRFL8EGDbcwv9PUXxhCLYon/4rFczq6E3gtmPMsdfY8uoIvrL4CirTug6,74481,Folding Travel Bag,11:31:05,11:32:09,64,70490,Surat,Gujarat,1,Folding Bags Double Pocket,ANDROID,792,8,74481,https://openapi.airtel.in/gateway/airtel-xchange/call/recording?token=XSozh4ATtnka/cY4NT9sTtQGTgVxQXuy0EDTyEbPspMcFdLJEzIJzM55tqJy1D/HYXPszkyfRFL8EGDbcwv9PUXxhCLYon/4rFczq6E3gtmPMsdfY8uoIvrL4CirTug6,gs://im-model-product/pns/cce0de84f252f85c633e3f0a64fad2dd1de266b9bb138ded70aa40c517124780.mp3,https://storage.googleapis.com/im-model-product/pns/cce0de84f252f85c633e3f0a64fad2dd1de266b9bb138ded70aa40c517124780.mp3?X-Goog-Algorithm=GOOG4-RSA-SHA256&X-Goog-Credential=mayank-docker%40model-product.iam.gserviceaccount.com%2F20251205%2Fauto%2Fstorage%2Fgoog4_request&X-Goog-Date=20251205T080745Z&X-Goog-Expires=604800&X-Goog-SignedHeaders=host&X-Goog-Signature=38b2013129ea34cf87b15c983185dc2cb1d5999cd01cfded7013f2a17a56c44ed8ed2581ad3998e032f6043319609ca9f6206efb57064379c1041e8fc164977f08dacae49460b422ca1878917933beaaf97d2dec587c940c064e94004ab62274f95385b5a00098979fc7ee8a5f4bb337b7feb4837db809eac48af174e4d25a0fe20b49ea68741dd55bf5ad343fd52746623c966c0306052a20199e1c047913013d27578d3cba6488cefd1f7db100273095f6a84c95b220e37345c4d224480abb4d3b2ac3093b95d9837ccf4ad48a97b6c9675f4e399ba6d7eeb80d626aa1fd9060e820578dc2a92d9d9cc227c98aeca233a278ca3b393ab213acd6a124056f03
161353040,102103977,https://openapi.airtel.in/gateway/airtel-xchange/call/recording?token=XSozh4ATtnka/cY4NT9sTtQGTgVxQXuy0EDTyEbPspOgCAMEWDZf766OA1Q9SgOBNfOeJuGcfbBznLRKMZVZ8RcVjdRDqmC5HXtRg9Yv1bmPMsdfY8uoIvrL4CirTug6,655082,Bajaj Electric Rickshaw,11:37:25,11:38:38,73,70479,Gandhinagar,Gujarat,12,Bajaj Electric Auto Rickshaw,IMOB,394,13,655082,https://openapi.airtel.in/gateway/airtel-xchange/call/recording?token=XSozh4ATtnka/cY4NT9sTtQGTgVxQXuy0EDTyEbPspOgCAMEWDZf766OA1Q9SgOBNfOeJuGcfbBznLRKMZVZ8RcVjdRDqmC5HXtRg9Yv1bmPMsdfY8uoIvrL4CirTug6,gs://im-model-product/pns/a3e634143d7cbb02fb84dd4a74a1f5e2a45b4ec01dd5f69531d5a0ee9b1fd5dd.mp3,https://storage.googleapis.com/im-model-product/pns/a3e634143d7cbb02fb84dd4a74a1f5e2a45b4ec01dd5f69531d5a0ee9b1fd5dd.mp3?X-Goog-Algorithm=GOOG4-RSA-SHA256&X-Goog-Credential=mayank-docker%40model-product.iam.gserviceaccount.com%2F20251205%2Fauto%2Fstorage%2Fgoog4_request&X-Goog-Date=20251205T080746Z&X-Goog-Expires=604800&X-Goog-SignedHeaders=host&X-Goog-Signature=50c07a82dcfb3b27659bd0a6e752713bcdaada40c0ac6fb571e1c0513283af69ed9eb92a710a7dcd5131226345b1a454d68aac07242005d2b713d61136bd7647ef3c9398bfff77804cc292da56b517bfb0f4008f1ed2270db30c1addb9f31ef69c2c66cd7348523d3dafdd78d60b4595b84ccbc32b0167e9516014437d33384ac21f0ac7d146a8851ef9dc5a121775dbfc985f27694513a1d0419a8f9524690998f6bdf5d56570df293c020903a942c49758244519347a9df1cfc953f046daf478fb588d06c43c3cfb81aadc339b91bc29e4bb5bb9d04598be36bbabb9b96948b64316443f1337ace1fd9b8949db6c9f07cd6c5f09b87556c63223a4a0a91025
152048916,130929911,https://openapi.airtel.in/gateway/airtel-xchange/call/recording?token=XSozh4ATtnka/cY4NT9sTtQGTgVxQXuy0EDTyEbPspPYU4y3QzPt2bYhr /2B/hFgix5l6SIhcx7d16EmVTSCGAdFWpy/n/zxxCQTUlqSfqPMsdfY8uoIvrL4CirTug6,216507,Laddu Gopal Mukut,13:01:40,13:03:25,105,70487,Rajkot,Gujarat,51,,IMOB,,17,216507,https://openapi.airtel.in/gateway/airtel-xchange/call/recording?token=XSozh4ATtnka/cY4NT9sTtQGTgVxQXuy0EDTyEbPspPYU4y3QzPt2bYhr /2B/hFgix5l6SIhcx7d16EmVTSCGAdFWpy/n/zxxCQTUlqSfqPMsdfY8uoIvrL4CirTug6,gs://im-model-product/pns/0d0017b9ff9005018a151431945970c9d1129897309566f7cc47dceb03b548e3.mp3,https://storage.googleapis.com/im-model-product/pns/0d0017b9ff9005018a151431945970c9d1129897309566f7cc47dceb03b548e3.mp3?X-Goog-Algorithm=GOOG4-RSA-SHA256&X-Goog-Credential=mayank-docker%40model-product.iam.gserviceaccount.com%2F20251205%2Fauto%2Fstorage%2Fgoog4_request&X-Goog-Date=20251205T080748Z&X-Goog-Expires=604800&X-Goog-SignedHeaders=host&X-Goog-Signature=323573b18dfc892520c207a29d5609440fa5d87fff65a6715931aae82daa296b9cab88eaaf7bc834b8f83a49c1cfb81ed518c459eff6f41ab789537c880719378c67c72ef080ba37aa1d03047010af96c49a39c26b3ad62908dd6cfa055cb43abcb99acaa86a3182b5967a702a83303752794a6669f5104394ba49297c93954208f3c360bd6955814ad13bcddc4fb25d7664375d029c5e1bb986ea085e15297314744fe426aaa27aeaeb8a5125c13bd4531e562217bb65300bfe95ccfbe87d443e0ec13534a47d317130208dfb1326f6a1a7921ada42cdc8ffcc1e2d3f5e4927e745b405705561c694d8d341ee553b1bbdf8421f5fb82ca2ac1a06493e17034f
46087573,39381472,https://openapi.airtel.in/gateway/airtel-xchange/call/recording?token=XSozh4ATtnka/cY4NT9sTtQGTgVxQXuy0EDTyEbPspPVI0Fc0eiTNpgFvRhb2BJh/aSC3pLFqSGqItGEiyN82sAGC2/2rSGPH9ABRxRwnqePMsdfY8uoIvrL4CirTug6,74766,MDF Panel,9:10:47,9:13:04,137,70532,Bengaluru,Karnataka,1,"FLUTED MDF PANEL, Size: 8x4",IMOB,1977,9,74766,https://openapi.airtel.in/gateway/airtel-xchange/call/recording?token=XSozh4ATtnka/cY4NT9sTtQGTgVxQXuy0EDTyEbPspPVI0Fc0eiTNpgFvRhb2BJh/aSC3pLFqSGqItGEiyN82sAGC2/2rSGPH9ABRxRwnqePMsdfY8uoIvrL4CirTug6,gs://im-model-product/pns/ead2e5a446667835f53e21b82a7464d9f988d45377f747f7a37e9465a1cbe6bd.mp3,https://storage.googleapis.com/im-model-product/pns/ead2e5a446667835f53e21b82a7464d9f988d45377f747f7a37e9465a1cbe6bd.mp3?X-Goog-Algorithm=GOOG4-RSA-SHA256&X-Goog-Credential=mayank-docker%40model-product.iam.gserviceaccount.com%2F20251205%2Fauto%2Fstorage%2Fgoog4_request&X-Goog-Date=20251205T080749Z&X-Goog-Expires=604800&X-Goog-SignedHeaders=host&X-Goog-Signature=8cb55cafaadabc4b36eac573a532fe00eea797007c32e34d5f7ac92ad695ea1b4a67125ae80a8bb6ec8c50d0eeb8f88ca78645410831ccfc5d306dade3f672ec3383ee14c3806259c6d8f3290fdb26771494078ad87b25c79ad5de5f9278a20a865bf065c09df843b82e46f9ca9c30d2524028c5e358364b92b18295070b855e20cc09adf949a2c6c77c1964016b090219967471b5390c1cb1e9ec3e39d201e3d621e7e7a09d8f930b8c108272fde4f12a77ebf771322e5b6391f092c662a9a43ff4adb65b6ce310fc9218306d68c9cf129915c69c762c044ea226df983f03cc30a1cd7703284ee4480e4df3ddc10a48d19440d71e909bf33ac856c77a57e8ad
13279365,7159477,https://openapi.airtel.in/gateway/airtel-xchange/call/recording?token=XSozh4ATtnka/cY4NT9sTtQGTgVxQXuy0EDTyEbPspP/PhZuDLuUqrzNL8Gmx9JtGhhcVSeeInIqZXkdOony/g2jm/T4iThwwpphgn/srWWPMsdfY8uoIvrL4CirTug6,96118,Crystal Photo Frame,14:08:01,14:09:27,85,70529,Dhanbad,Jharkhand,1,"Crystal Photo Frame, For Decoration, Size: 180 X 120 X 30 Mm",ANDROID,1580,12,96118,https://openapi.airtel.in/gateway/airtel-xchange/call/recording?token=XSozh4ATtnka/cY4NT9sTtQGTgVxQXuy0EDTyEbPspP/PhZuDLuUqrzNL8Gmx9JtGhhcVSeeInIqZXkdOony/g2jm/T4iThwwpphgn/srWWPMsdfY8uoIvrL4CirTug6,gs://im-model-product/pns/6eaffebd98549cde022894a749951e1d0d2cc42dde1dfe4ef3b22f1b932f1709.mp3,https://storage.googleapis.com/im-model-product/pns/6eaffebd98549cde022894a749951e1d0d2cc42dde1dfe4ef3b22f1b932f1709.mp3?X-Goog-Algorithm=GOOG4-RSA-SHA256&X-Goog-Credential=mayank-docker%40model-product.iam.gserviceaccount.com%2F20251205%2Fauto%2Fstorage%2Fgoog4_request&X-Goog-Date=20251205T080750Z&X-Goog-Expires=604800&X-Goog-SignedHeaders=host&X-Goog-Signature=2623b4eb198f37e740ed86dc160c8affa126fa27e87c30a67f3a350d41a262f3c8b8538bef59b2905e00aaad78dd579b3518d8c780897a2685c42dd09f3a3edf49696922bcf0a78b9f2cc391ec161207cf38a1ee7193cccedabff6b73346f7bdd4a32959b25ae5aeaedb29429d028c0eaad89b493bf25fc5546f784b36c114214154de66550d9c0a56999b1755f4d431c20e4d55b360a5b798de498096aed752c44b6b78e9f89eee099a41145ad32a897a90e3a8279121fdeacfda5ceec52f21d4e2b8771d82701ba62b8937fedefe654a9eed4b2f6ffef0b5b55daf9327bc57925a5f5c9705d4427594505032809a9b9829e6b1700199a02a2a89991b55aded
32390712,17297278,https://openapi.airtel.in/gateway/airtel-xchange/call/recording?token=XSozh4ATtnka/cY4NT9sTtQGTgVxQXuy0EDTyEbPspMx2jdoinLwFbnTYBilnqRs0kjTdejnxTlmhuzzgmS0kGOyh mcZUV04Np1JDAQSRaPMsdfY8uoIvrL4CirTug6,4208,Bakery Ingredients,13:53:12,13:56:51,218,70472,Ahmedabad,Gujarat,1,,DIR,744,8,4208,https://openapi.airtel.in/gateway/airtel-xchange/call/recording?token=XSozh4ATtnka/cY4NT9sTtQGTgVxQXuy0EDTyEbPspMx2jdoinLwFbnTYBilnqRs0kjTdejnxTlmhuzzgmS0kGOyh mcZUV04Np1JDAQSRaPMsdfY8uoIvrL4CirTug6,gs://im-model-product/pns/3a31cc9672d3b18a4c69bbd793a9b41fa798ae8b5210162bf0712c4113cda456.mp3,https://storage.googleapis.com/im-model-product/pns/3a31cc9672d3b18a4c69bbd793a9b41fa798ae8b5210162bf0712c4113cda456.mp3?X-Goog-Algorithm=GOOG4-RSA-SHA256&X-Goog-Credential=mayank-docker%40model-product.iam.gserviceaccount.com%2F20251205%2Fauto%2Fstorage%2Fgoog4_request&X-Goog-Date=20251205T080751Z&X-Goog-Expires=604800&X-Goog-SignedHeaders=host&X-Goog-Signature=27d08886ce9eda0418fb7564ba87a5706725bdb5f657a95c74632f46b411b1847ec41a67334ec923ed84c0eb8bb09c0d76688a359e4861facd65cdc4bdddc312cc713765e2053b76dc6a556b6d03553734a5f3eea982d84413caff8e1bd1f8f69bb1593026cbf01a48595f2c2c7839d6ca96560dfe4f33379f56e2d8fe8f8188aa626ad010ef770f604638a5bd1fdbac7acf01766fecd12bd3982b2058df5a52aa52372ef7e965609ba8758aef05e69800b87013b31b0ce4dcf0b25311a63fd0e81b3c840e6c209d2231f986b1fe703af310efae2a0b34cb4336b60fd248154b12a786da386d1174d670d3c8dd3c326250d6de6da88cfcd60e4bba3cdf622bef
24028768,91737092,https://openapi.airtel.in/gateway/airtel-xchange/call/recording?token=XSozh4ATtnka/cY4NT9sTtQGTgVxQXuy0EDTyEbPspOJeumNBEV36yyCD6QFo8Aewe 14NzhhxeYEdWjDEhM/GFDU8BCpdUmDYAwUiNh F6PMsdfY8uoIvrL4CirTug6,140835,Wheat Cleaning Machine,11:31:28,11:33:13,104,70480,Jamnagar,Gujarat,1,"Automatic Powder Coated Wheat Cleaning Machine farmar use, Single Phase",ANDROID,2027,8,140835,https://openapi.airtel.in/gateway/airtel-xchange/call/recording?token=XSozh4ATtnka/cY4NT9sTtQGTgVxQXuy0EDTyEbPspOJeumNBEV36yyCD6QFo8Aewe 14NzhhxeYEdWjDEhM/GFDU8BCpdUmDYAwUiNh F6PMsdfY8uoIvrL4CirTug6,gs://im-model-product/pns/0d8b44731c1a7a2afb2f9773d4e76cc762c606cf72dcec698a74530641f5680b.mp3,https://storage.googleapis.com/im-model-product/pns/0d8b44731c1a7a2afb2f9773d4e76cc762c606cf72dcec698a74530641f5680b.mp3?X-Goog-Algorithm=GOOG4-RSA-SHA256&X-Goog-Credential=mayank-docker%40model-product.iam.gserviceaccount.com%2F20251205%2Fauto%2Fstorage%2Fgoog4_request&X-Goog-Date=20251205T080752Z&X-Goog-Expires=604800&X-Goog-SignedHeaders=host&X-Goog-Signature=7080a10de9a6a41431645a7651ce5d6f3dae7e2fda52b9827237cfe2ff5e4c4d6d2dac71e890ef3685b20cf2df2e1c93747b1fc93753e20be4e109da954cc66beae975c8ab96e4f8dff2cd1f23381b183c97fc5cf5dfeac037a1bab70b8d4f470b80ad38df0d1c3b46e5f3f2742579a970d11dc0c8ebc2ecaa5b59e3462e7a6011be3611192b3d6eb385cafa4dcda42b0b925f7228dd0ec0c3c64a725c7ab87289263ed914362b42ccf4f14206e7f8096d3d16b0e29595b12a22b3a227a2cef1125509f39c322c01b35a5298c3cf783a734a8d698d1f88ee4d50c95c8d6137afbacfe878274eff14872487a1da257ef80f88c0494b54534a5a0cd14479cec4a0
103168580,143423375,https://openapi.airtel.in/gateway/airtel-xchange/call/recording?token=XSozh4ATtnka/cY4NT9sTtQGTgVxQXuy0EDTyEbPspOK6boL7XOohtPvR aLI0eFbg/6XjJEdGnnIffKFPMquA3SSWnydkC9yorDZ5qlxL PMsdfY8uoIvrL4CirTug6,191675,Pichwai Painting,14:33:35,14:34:46,70,70472,Ahmedabad,Gujarat,1,"Pichwai jar, For 4x4"", Size: 4""",IMOB,1140,14,191675,https://openapi.airtel.in/gateway/airtel-xchange/call/recording?token=XSozh4ATtnka/cY4NT9sTtQGTgVxQXuy0EDTyEbPspOK6boL7XOohtPvR aLI0eFbg/6XjJEdGnnIffKFPMquA3SSWnydkC9yorDZ5qlxL PMsdfY8uoIvrL4CirTug6,gs://im-model-product/pns/4845b633c32ec313676f5ea53237a2e54550d5317585b10fd421a5fb6e44db03.mp3,https://storage.googleapis.com/im-model-product/pns/4845b633c32ec313676f5ea53237a2e54550d5317585b10fd421a5fb6e44db03.mp3?X-Goog-Algorithm=GOOG4-RSA-SHA256&X-Goog-Credential=mayank-docker%40model-product.iam.gserviceaccount.com%2F20251205%2Fauto%2Fstorage%2Fgoog4_request&X-Goog-Date=20251205T080753Z&X-Goog-Expires=604800&X-Goog-SignedHeaders=host&X-Goog-Signature=10979a724c012c575d5308336844eaf47517e6de2b334c3e48f6d310a0dfd3ae333eae41675d404b7ff347c9f8d5ce475072c611bdd09623ceedae476a4963daf416effe4170eb724111c70a0ccabd9d0f947d792718b2bb99824f28468812a13f13ca78c3f4ada9ee12b3ca48bbe8277da35583e969e3ed177d6277387b9f978a31c76897d2c3c21b0416736c77404a5dfd0062605d4d2fe942489aa694fae527680acc8c1d0d547379f8a74e97f35bcb52a7d83baa33c514c42bbd0b509d115633d44c8e41668263a91636783bfb8c322b6b731a7d1349b9b18326de0ecac6fb243ddacc860b3cdbbe2aa7739afa9f23cd05620cec955fbec621d5a9ee99f7
248970773,6922252,https://openapi.airtel.in/gateway/airtel-xchange/callv2/recording?token=XSozh4ATtnka/cY4NT9sTtQGTgVxQXuy0EDTyEbPspNQ09OUGAyHgz2rqlOvKXdc0RFhgKhscp7gjLzsNjeiHcXQQGw6jXNXINZILlzjD36PMsdfY8uoIvrL4CirTug6,167729,PVC Cover Block,15:32:43,15:34:40,116,,,,51,"White PVC Round Block, Size: 4-5 Inch",IMOB,,13,167729,https://openapi.airtel.in/gateway/airtel-xchange/callv2/recording?token=XSozh4ATtnka/cY4NT9sTtQGTgVxQXuy0EDTyEbPspNQ09OUGAyHgz2rqlOvKXdc0RFhgKhscp7gjLzsNjeiHcXQQGw6jXNXINZILlzjD36PMsdfY8uoIvrL4CirTug6,gs://im-model-product/pns/71b933a80bc5f310d3459d1e4ef6315aa9d7fa14a26b9eea57d2d29258f7c647.mp3,https://storage.googleapis.com/im-model-product/pns/71b933a80bc5f310d3459d1e4ef6315aa9d7fa14a26b9eea57d2d29258f7c647.mp3?X-Goog-Algorithm=GOOG4-RSA-SHA256&X-Goog-Credential=mayank-docker%40model-product.iam.gserviceaccount.com%2F20251205%2Fauto%2Fstorage%2Fgoog4_request&X-Goog-Date=20251205T080754Z&X-Goog-Expires=604800&X-Goog-SignedHeaders=host&X-Goog-Signature=3ef3d4e7f3f532d6ef7bf2817e9c901093e1265d83c6292787b909d73abe0ffdb29753fd8da1c79b2a254c35c7882db154b0c837f49a07c2cf35b03933c9a579c6a1bafe6da58c49f15d8d2b6c8f4f0bd04f079c922de8ca2208294968e4201323300b1e9b54384fcdd0f5fb167e1a7cb072fcf9fd57f7a775e766a539b265eabf3d806819f6c6d0549575c28ea30064e4fa7bf8cc5e1a5efd39f7b8aee3d21a350232ef3129cf6a5941bf2e2de868824cbdfebceac11f50b271ed21a5305a1304a25bacdedb6313d114ebb1ae8561c4aea8c3a2b41fc3d9d00ec4e428be21cc95dfb29207bc063c1dea40f25f754575f35b0da96a56b0ae69d65b4b5f76d4e0
233413709,30122739,https://openapi.airtel.in/gateway/airtel-xchange/call/recording?token=XSozh4ATtnka/cY4NT9sTtQGTgVxQXuy0EDTyEbPspOMO0a7qzK09LtvB/2ukZcDCvfq3TLhthMPRTQlf0xxsWqTmrj T7b7cP/SFo1vtTOPMsdfY8uoIvrL4CirTug6,442418,Kansa Wand,21:17:47,21:24:35,407,70620,Kolhapur,Maharashtra,42,Kansa Wand Massager,IMOB,,10,442418,https://openapi.airtel.in/gateway/airtel-xchange/call/recording?token=XSozh4ATtnka/cY4NT9sTtQGTgVxQXuy0EDTyEbPspOMO0a7qzK09LtvB/2ukZcDCvfq3TLhthMPRTQlf0xxsWqTmrj T7b7cP/SFo1vtTOPMsdfY8uoIvrL4CirTug6,gs://im-model-product/pns/04c1579777d308abbf44a73df2c76f2db1e49011ab6cd5736a11e2d5b3046a35.mp3,https://storage.googleapis.com/im-model-product/pns/04c1579777d308abbf44a73df2c76f2db1e49011ab6cd5736a11e2d5b3046a35.mp3?X-Goog-Algorithm=GOOG4-RSA-SHA256&X-Goog-Credential=mayank-docker%40model-product.iam.gserviceaccount.com%2F20251205%2Fauto%2Fstorage%2Fgoog4_request&X-Goog-Date=20251205T080756Z&X-Goog-Expires=604800&X-Goog-SignedHeaders=host&X-Goog-Signature=6b8a95beee85d03c2e6953ea7beef21db970c9dbfea781c9ad2da33abcaf28944ed145a3d6ecffff5a3d3932b20e8df7da08618828840bfc9b515f6489715da23c62a1770f5d42d90f5c21a041c8bfa03f42d89d7520419c804df49d7374a0ef4acb8b126607998b707c17a4c1002f7ba0ce9ab258f38e76abb63991ef19efce0efc51a1fd82bd1be8a4855235dfbea47a53b8d455d9597eabe6744c95c977042c3684ea228e9c452d0dcea28b15f90504cf522967982d9451f21ce85f5b14cef3de0c7bfa697620e9c8d47d84f8fc5bb27faa022b24da858839f3ebd6cfeded7e7da4f20eaa2bd9e1a6d8aba7276418ab9796cc781bfb8452fd61ac47302724
239205760,199145744,https://openapi.airtel.in/gateway/airtel-xchange/call/recording?token=XSozh4ATtnka/cY4NT9sTtQGTgVxQXuy0EDTyEbPspMSYVHSCZ59mOKuAv4aecYhdkJ9X9al/0mOG7vIOC5I6lzI102aFWBDLB9dDlrlXDqPMsdfY8uoIvrL4CirTug6,10803,Human Hair Extension,17:09:05,17:11:29,143,70532,Bengaluru,Karnataka,42,"Straight 6D 2 Gen Hair Extensions Set, For Parlour, 36 inch",IMOB,,9,10803,https://openapi.airtel.in/gateway/airtel-xchange/call/recording?token=XSozh4ATtnka/cY4NT9sTtQGTgVxQXuy0EDTyEbPspMSYVHSCZ59mOKuAv4aecYhdkJ9X9al/0mOG7vIOC5I6lzI102aFWBDLB9dDlrlXDqPMsdfY8uoIvrL4CirTug6,gs://im-model-product/pns/e37e11cbf32a558e21400ec101b1943e16b0360e3a1ee216263dd3ed0838bc5f.mp3,https://storage.googleapis.com/im-model-product/pns/e37e11cbf32a558e21400ec101b1943e16b0360e3a1ee216263dd3ed0838bc5f.mp3?X-Goog-Algorithm=GOOG4-RSA-SHA256&X-Goog-Credential=mayank-docker%40model-product.iam.gserviceaccount.com%2F20251205%2Fauto%2Fstorage%2Fgoog4_request&X-Goog-Date=20251205T080829Z&X-Goog-Expires=604800&X-Goog-SignedHeaders=host&X-Goog-Signature=456a74d498b24e350aaf3bbf82280d23da83d7d2bb4e2c804fa44d11dbfc40cc3bdd71d6862db704e997bfadb7f796a5f4db6d11f2fe10bf6fbebdc48b0b04c67242166683f4df46bdfa5c92143e121b80bc7b9cba1c31b5e2085ebda1578057b38bc8c28de1d30db39244a416575022339db810e469b089d43019c457e4eff68e5e22bc5fbf8f269a877ee08484feff8d6d8b49b6bf5bd1cbed9165043cf53348253eb670bd28b962d4cf6b82ffc68000e948235106c237349e6768e059d23e75715b2074e58f88ba747837fd6c02b4dbdc9169c2b0af51623346156ce01909c36f1e2def8327f3a4ba27d3aa8389ace97173af6cdd865b78f5ee829ee9b04b
247916870,120472003,https://openapi.airtel.in/gateway/airtel-xchange/callv2/recording?token=XSozh4ATtnka/cY4NT9sTtQGTgVxQXuy0EDTyEbPspO6GW2fmG89Rk18sOPUFVfhnVF2zJFLbamEIQOuSHXWxEzRGzeER5lRGMqnGrLxqkePMsdfY8uoIvrL4CirTug6,208751,Bougainvillea Plant,12:53:35,12:55:32,116,70630,Pune,Maharashtra,2,Bougainvillea Flower Plant,IMOB,1309,10,208751,https://openapi.airtel.in/gateway/airtel-xchange/callv2/recording?token=XSozh4ATtnka/cY4NT9sTtQGTgVxQXuy0EDTyEbPspO6GW2fmG89Rk18sOPUFVfhnVF2zJFLbamEIQOuSHXWxEzRGzeER5lRGMqnGrLxqkePMsdfY8uoIvrL4CirTug6,gs://im-model-product/pns/c13ef10ae0775aec291b5a55b6335e1965a6d373035e73ca2f2d10191fc9c85e.mp3,https://storage.googleapis.com/im-model-product/pns/c13ef10ae0775aec291b5a55b6335e1965a6d373035e73ca2f2d10191fc9c85e.mp3?X-Goog-Algorithm=GOOG4-RSA-SHA256&X-Goog-Credential=mayank-docker%40model-product.iam.gserviceaccount.com%2F20251205%2Fauto%2Fstorage%2Fgoog4_request&X-Goog-Date=20251205T080829Z&X-Goog-Expires=604800&X-Goog-SignedHeaders=host&X-Goog-Signature=1c13c823ac07a9ed10c97844e7626161f1d409ea4c81e9d9917c418974caa1c4863d81268bdbf15164d826d3ded1e70a042f2b929f190fbf36e0798308b88bb4f675a241247de7b7225e1e6e15385c3183bfcae763f2ddd5ac28e2cba9b6f8fd012c75a00959dc30eb726018ce948ceb87c33600c4a36b472d7c2680b8acb58ddbd52ba76ef123185caa3844dbbdc5927f6c503fac820c4008af399dcc15537011d9c02e2c2bc10811ee9d490ae161f69b2b8faaeddc203be9d70c97b9aa432cc566696e7eb4727bd34860917cf4715ed1257a8779c007f903d01ea8f01680c968023fdd71a5515918040b87157716a995d184904f3a65d2dc6f6b51db7f029d
210319562,74136842,https://openapi.airtel.in/gateway/airtel-xchange/call/recording?token=XSozh4ATtnka/cY4NT9sTtQGTgVxQXuy0EDTyEbPspN48dtKVX0shLvrlBx51whFuiLKwippXP0EQWisPPspO900qYPPcLVC79tSLbbitFyPMsdfY8uoIvrL4CirTug6,180656,Kids Cotton T Shirts,16:47:27,16:50:23,175,70588,Bhopal,Madhya Pradesh,2,Green Kids Cotton T Shirt Short Set,IOS,129,21,180656,https://openapi.airtel.in/gateway/airtel-xchange/call/recording?token=XSozh4ATtnka/cY4NT9sTtQGTgVxQXuy0EDTyEbPspN48dtKVX0shLvrlBx51whFuiLKwippXP0EQWisPPspO900qYPPcLVC79tSLbbitFyPMsdfY8uoIvrL4CirTug6,gs://im-model-product/pns/f0a752c9e88882b735cd61ee8aaf219b65a1ab735a39c26ea14bad71e4434031.mp3,https://storage.googleapis.com/im-model-product/pns/f0a752c9e88882b735cd61ee8aaf219b65a1ab735a39c26ea14bad71e4434031.mp3?X-Goog-Algorithm=GOOG4-RSA-SHA256&X-Goog-Credential=mayank-docker%40model-product.iam.gserviceaccount.com%2F20251205%2Fauto%2Fstorage%2Fgoog4_request&X-Goog-Date=20251205T080829Z&X-Goog-Expires=604800&X-Goog-SignedHeaders=host&X-Goog-Signature=562d6bb2339b8f2e2dacf2697b54a6c426f1d34abcd8c914637b51b3d72243a66cb2b87c93737d88c4be7a3f6f2786d9b247b1143514cdc82431a3a00cd729c4b98a16120e0293b968920b2fb3c9173aa0661eb676914961d11797d985d3ec639733af22d58fa4574171589da34f16ef891f2f098968f0fc9ee025cc192c46a8b1f7a7a0e3aaf1e206b5787782ef35d8e226fbe5bc0988040a3f3c03c2f4f95bd985acd04fc7172f600f75d96fd3926acaf35159a9d4b956bffebe9ab34c9ddc12171f59693623479fe6d645adf4f5644733f0cf0617fd1ad6ca7f2d784da17a1d65a01c7fee82056728c4546dbab186b3bbcd4e259c5007c44bcb756a6250a4
82672073,91223134,https://openapi.airtel.in/gateway/airtel-xchange/call/recording?token=XSozh4ATtnka/cY4NT9sTtQGTgVxQXuy0EDTyEbPspM2QLsbRBVonicLK9neJ/Bl/9ce8EE0FvsqVaUYy/fR5/LPPNBw1n6e0N2VedL8 6uPMsdfY8uoIvrL4CirTug6,34164,Packaging Containers,15:16:09,15:18:10,121,70469,New Delhi,Delhi,12,Black Rec. Container 650gm,IMOB,1973,8,34164,https://openapi.airtel.in/gateway/airtel-xchange/call/recording?token=XSozh4ATtnka/cY4NT9sTtQGTgVxQXuy0EDTyEbPspM2QLsbRBVonicLK9neJ/Bl/9ce8EE0FvsqVaUYy/fR5/LPPNBw1n6e0N2VedL8 6uPMsdfY8uoIvrL4CirTug6,gs://im-model-product/pns/5b3feade7873d6989774a513c93b6a6315bcc77f3ea0756a306a6691ec67a485.mp3,https://storage.googleapis.com/im-model-product/pns/5b3feade7873d6989774a513c93b6a6315bcc77f3ea0756a306a6691ec67a485.mp3?X-Goog-Algorithm=GOOG4-RSA-SHA256&X-Goog-Credential=mayank-docker%40model-product.iam.gserviceaccount.com%2F20251205%2Fauto%2Fstorage%2Fgoog4_request&X-Goog-Date=20251205T080829Z&X-Goog-Expires=604800&X-Goog-SignedHeaders=host&X-Goog-Signature=2f7c7188af43e9b8012a2942c854f772779f96293e933ea2dfe01b2b87e9a9886a05facba8820ae305d4c438d7a9e41aabd8ab44e7e2515d2a7a0f490fafc1cf63aab7af8732807d003860be42a7d3cdc3a45c3b979453684fe00d5f9b3a629f8c3ec3ad21bf5cd7a2c8fde609c184196754ef1db48551b090da3eb6ec8d2076d39c31807710156acf53e2eaa2a43ba1ba981a2e8298a9cfb1a0f6441a41dfe2395a84a4f63892c6a567f968c333158bdd8e381e6de876bc142aa8f37db6c9e1460f78c78f8d173a710c19a204469a813e8a15b0b41b932b9efb48c8414f672a61d4b6d4c9fb3691b168eaa8778ac6447d4770eda6744e8059e0cdd478e6b2ff
78880053,123335792,https://openapi.airtel.in/gateway/airtel-xchange/call/recording?token=XSozh4ATtnka/cY4NT9sTtQGTgVxQXuy0EDTyEbPspOU5OV29hd5JsYBnErDadtWErw63T2Xb2TAC12U dB7uchI3UztR4IsdrNErO3NKESPMsdfY8uoIvrL4CirTug6,39239,Subwoofer,18:09:24,18:10:45,80,96475,Meghraj,Gujarat,1,Milton: 20 Watt 4 Ohm 4 Inch Subwoofer,IMOB,657,8,39239,https://openapi.airtel.in/gateway/airtel-xchange/call/recording?token=XSozh4ATtnka/cY4NT9sTtQGTgVxQXuy0EDTyEbPspOU5OV29hd5JsYBnErDadtWErw63T2Xb2TAC12U dB7uchI3UztR4IsdrNErO3NKESPMsdfY8uoIvrL4CirTug6,gs://im-model-product/pns/b54021e2edd58273a9ef0bcd93d85b5ce6123093639352727367e315ef41dcbe.mp3,https://storage.googleapis.com/im-model-product/pns/b54021e2edd58273a9ef0bcd93d85b5ce6123093639352727367e315ef41dcbe.mp3?X-Goog-Algorithm=GOOG4-RSA-SHA256&X-Goog-Credential=mayank-docker%40model-product.iam.gserviceaccount.com%2F20251205%2Fauto%2Fstorage%2Fgoog4_request&X-Goog-Date=20251205T080829Z&X-Goog-Expires=604800&X-Goog-SignedHeaders=host&X-Goog-Signature=4290f383d9842ea519da053609c78ceba6a96b466c4672cd7e18e691c77ae13178025f17c98aae4e89cf33e8e3db049c0abef4b1ae05f88c596c9f4aebcfbb279cf1d7b5e6fd1763d85c6241ade88ebd6468ab4727265eff712613e3fcc30cacd6c42d9fec707e695f978ad1e71c64e71bc2ece82285edd659af923e03eb2aa0652860f4b6eb4e3eb05b1a3cf83e9cceb5d703a59f4cd5169314369151355f12465443bf9b30fc802336fbd3da3bbbbefd353d938d5daa07a751e27e49494e40655753f9b169bc7695ba9680fdc07eb4d52a8b29f427a5dae1c07edc156a81f0aed9107f586465c981507010e3a28665b171b264b96b5b5b55fc44a3fba155d9
240473421,145764081,https://openapi.airtel.in/gateway/airtel-xchange/call/recording?token=XSozh4ATtnka/cY4NT9sTtQGTgVxQXuy0EDTyEbPspN7fh0KHWkCzQo6wp4QEOyvcQqLt0nEwfHe4fK1FzUIBVgX3Z/4CCslrftLPGXvrsyPMsdfY8uoIvrL4CirTug6,10803,Human Hair Extension,11:48:15,11:50:08,112,,,,1,Women Full Hair Extension,IMOB,1100,12,10803,https://openapi.airtel.in/gateway/airtel-xchange/call/recording?token=XSozh4ATtnka/cY4NT9sTtQGTgVxQXuy0EDTyEbPspN7fh0KHWkCzQo6wp4QEOyvcQqLt0nEwfHe4fK1FzUIBVgX3Z/4CCslrftLPGXvrsyPMsdfY8uoIvrL4CirTug6,gs://im-model-product/pns/6079051ad1d09f8668e676af339a0631f4ea0e11006e1c5ea5b31b37c96d3fb1.mp3,https://storage.googleapis.com/im-model-product/pns/6079051ad1d09f8668e676af339a0631f4ea0e11006e1c5ea5b31b37c96d3fb1.mp3?X-Goog-Algorithm=GOOG4-RSA-SHA256&X-Goog-Credential=mayank-docker%40model-product.iam.gserviceaccount.com%2F20251205%2Fauto%2Fstorage%2Fgoog4_request&X-Goog-Date=20251205T080829Z&X-Goog-Expires=604800&X-Goog-SignedHeaders=host&X-Goog-Signature=91bfbaa866fb45c71e74708370f42d515322372c07acdf70283207a586138e9df4b207234acf1b2351a4c2cd0940585e4555538dfa5778d247fab79cd2bdb3e72dc0b1b47f29b5ee803ea221048f2e0fb870674060934035d22543cb15e3eeeb9a75eedbcac112b8591379eea468b4c9eaefef04afead410a5e433d039f5e235316786a343a873e86eafab88e50c73414f437ec4ea6c0b17296aafffea367a678f02cb883498f46c4996a2ae555f654807d13aaef558b2ef6ddfecf597c648d6e96bb17df020071344e27d55a8bea13c32a2174c62a4ccfd672b7416b0180084568d53fd94bad2fa5a8398735827b33708860dfbafc34c26472eafa7c47eb756
212352011,3812720,https://openapi.airtel.in/gateway/airtel-xchange/call/recording?token=XSozh4ATtnka/cY4NT9sTtQGTgVxQXuy0EDTyEbPspP/RvzN2oIlSul8x9sPNsqyFtkyjXlIJllyA45b05dqWIuhiIOiMwj1eNkAAoQSxe2PMsdfY8uoIvrL4CirTug6,9174,Herbal Cream,21:10:49,21:12:59,128,70551,Shivamogga,Karnataka,42,Swetha Ointment,IMOB,,18,9174,https://openapi.airtel.in/gateway/airtel-xchange/call/recording?token=XSozh4ATtnka/cY4NT9sTtQGTgVxQXuy0EDTyEbPspP/RvzN2oIlSul8x9sPNsqyFtkyjXlIJllyA45b05dqWIuhiIOiMwj1eNkAAoQSxe2PMsdfY8uoIvrL4CirTug6,gs://im-model-product/pns/8d341989324fbd6bd60f8f4c9b36aac07834d4e2018c1da4051a4843795becd3.mp3,https://storage.googleapis.com/im-model-product/pns/8d341989324fbd6bd60f8f4c9b36aac07834d4e2018c1da4051a4843795becd3.mp3?X-Goog-Algorithm=GOOG4-RSA-SHA256&X-Goog-Credential=mayank-docker%40model-product.iam.gserviceaccount.com%2F20251205%2Fauto%2Fstorage%2Fgoog4_request&X-Goog-Date=20251205T080829Z&X-Goog-Expires=604800&X-Goog-SignedHeaders=host&X-Goog-Signature=0eef8d5c24f57bf587d5662f00aa3af9d64f2fb89900f513a2f80fa4b8d7f31d83f4e497dd1ae8407da3b389282f2ed98238315e7c111ca29764971bf9c18f83447886b7c540d6c54f5230b67c32981c55ba36d32637ef212b62a3081958fe8cba7ff6a31a92fee7e33a797f9c40a4c6205250c1fdd5c97281b8323a89cceceab33659afc975317b7f2eaf0fa3f4fca9e7f0f367d3ef27012f7c0ed1b0494cb92f700fc66508604be030d47e360bcbc3620f4ae2ae8b05a132b24bd140f44d501b8de05058990bb368e2390e94d267ee496c118bb9ec4151b375edca6e38d3f1cdc66063eacc4585535a14b8671f415857196fb283d493329d5dec90565ed87d
126570152,118369149,https://openapi.airtel.in/gateway/airtel-xchange/call/recording?token=XSozh4ATtnka/cY4NT9sTtQGTgVxQXuy0EDTyEbPspNV7dUq0ZoUULgiklcUw4/k847nX69iZEm07bqSlM4q2rkO1bWEhhvdFDCSbq9Imw6PMsdfY8uoIvrL4CirTug6,141363,Rifle Rack,18:27:46,18:29:58,131,73675,Gonda,Uttar Pradesh,1,Steel Rifle Racks,IMOB,1086,17,141363,https://openapi.airtel.in/gateway/airtel-xchange/call/recording?token=XSozh4ATtnka/cY4NT9sTtQGTgVxQXuy0EDTyEbPspNV7dUq0ZoUULgiklcUw4/k847nX69iZEm07bqSlM4q2rkO1bWEhhvdFDCSbq9Imw6PMsdfY8uoIvrL4CirTug6,gs://im-model-product/pns/379f4e6c63776d5a85b9cbb1039f3b2d41e0062a263ec7d2f0691beeff78dd53.mp3,https://storage.googleapis.com/im-model-product/pns/379f4e6c63776d5a85b9cbb1039f3b2d41e0062a263ec7d2f0691beeff78dd53.mp3?X-Goog-Algorithm=GOOG4-RSA-SHA256&X-Goog-Credential=mayank-docker%40model-product.iam.gserviceaccount.com%2F20251205%2Fauto%2Fstorage%2Fgoog4_request&X-Goog-Date=20251205T080829Z&X-Goog-Expires=604800&X-Goog-SignedHeaders=host&X-Goog-Signature=3ca32ed23da868e22e27a760057c5c002a851aacb4e753d82952136f42b1e6759569899f264e8419dc627598b0bcfb8a5dd004a4b214a4afd84d9446c6dd52b2dee14990201f13f2f992e5715f7fc742e930d3e10c28ac0cc9625f2c3173e01b428bb7c870a9dbd9992c9b1120597aa372354e58b4b151a4b2cffdaeb63282ab7ae5e3fc71437b5f862548f1c0047ddf0df7563f2496c184661f75b5b849696fd833f3a599008fc3469b369e03d3e88e83f8a9e600ef5910571e159bae00962de4011802cc9d1d72ce2b66adca89a685299c39841ae65d85b03274503f8db7acc7db628d6eb1a9ee80e869d423c38de9c02677003d7753866a89da1cf216d37f
2020252,19578709,https://openapi.airtel.in/gateway/airtel-xchange/call/recording?token=XSozh4ATtnka/cY4NT9sTtQGTgVxQXuy0EDTyEbPspMFahH4jXTHXbFb4jXrU1ioH0KWq/R4e8T8E5rrMgwHYqzOhLjJlIw4eOzUjENFL3qPMsdfY8uoIvrL4CirTug6,183071,Digital Earth Resistance Tester,14:28:52,14:30:19,87,70701,Coimbatore,Tamil Nadu,12,Digital Earth Resistance Tester SF00001883,PRODDTL,3264,9,183071,https://openapi.airtel.in/gateway/airtel-xchange/call/recording?token=XSozh4ATtnka/cY4NT9sTtQGTgVxQXuy0EDTyEbPspMFahH4jXTHXbFb4jXrU1ioH0KWq/R4e8T8E5rrMgwHYqzOhLjJlIw4eOzUjENFL3qPMsdfY8uoIvrL4CirTug6,gs://im-model-product/pns/95646f90a8bb870b2b7f5cffd147449a73851f168a8b38c150de8db6b6bcf86d.mp3,https://storage.googleapis.com/im-model-product/pns/95646f90a8bb870b2b7f5cffd147449a73851f168a8b38c150de8db6b6bcf86d.mp3?X-Goog-Algorithm=GOOG4-RSA-SHA256&X-Goog-Credential=mayank-docker%40model-product.iam.gserviceaccount.com%2F20251205%2Fauto%2Fstorage%2Fgoog4_request&X-Goog-Date=20251205T080830Z&X-Goog-Expires=604800&X-Goog-SignedHeaders=host&X-Goog-Signature=290c322b8c96d548a900f635e18d516c38dd88127fa636fde8da30a4f95738372e45ab882d1b13528e18f3798e71dd83dfe56108b71f8545bc1dc6ec940db601081d80b3c918ecff01822921169dcb9142b88313b8b099e603dab5311311762f6ff941e86ab0d5efa8e56230c03dffca34591c09125c0ce814c43ea086cbe9ff138e4bed7336a89fddc6da2df7ff285ea859b96df4ec1de58144a83e8fe184cb0ca050cc6853ea9475a98663cb91e604cdd3044513c8cecf70ecb6bb70d2cfdecf7dbb62c493736235e1b70c9ab3eb21f7dc6e86a9ac7b23fdff984ae162542c60e883b2df3cacdbce5f5963eb4271ae4af711c44e46006a0337b773b42874eb
11652736,120893411,https://openapi.airtel.in/gateway/airtel-xchange/callv2/recording?token=XSozh4ATtnka/cY4NT9sTtQGTgVxQXuy0EDTyEbPspNAEHrtPxe1 ko1HMBG07GugHUwTkLajFk6DBzhJCkADGOtSqSjhDu8BtTVANNschOPMsdfY8uoIvrL4CirTug6,3878,CNC Machines,10:33:29,10:35:58,147,70473,Anand,Gujarat,12,Electronica CNC Wire Cut EDM Machine,IMOB,1261,11,3878,https://openapi.airtel.in/gateway/airtel-xchange/callv2/recording?token=XSozh4ATtnka/cY4NT9sTtQGTgVxQXuy0EDTyEbPspNAEHrtPxe1 ko1HMBG07GugHUwTkLajFk6DBzhJCkADGOtSqSjhDu8BtTVANNschOPMsdfY8uoIvrL4CirTug6,gs://im-model-product/pns/8992c5495b9da147d63964bd7c7da5eef2eb77b3c2c2c4a1c2ff2a3f32385018.mp3,https://storage.googleapis.com/im-model-product/pns/8992c5495b9da147d63964bd7c7da5eef2eb77b3c2c2c4a1c2ff2a3f32385018.mp3?X-Goog-Algorithm=GOOG4-RSA-SHA256&X-Goog-Credential=mayank-docker%40model-product.iam.gserviceaccount.com%2F20251205%2Fauto%2Fstorage%2Fgoog4_request&X-Goog-Date=20251205T080830Z&X-Goog-Expires=604800&X-Goog-SignedHeaders=host&X-Goog-Signature=5efe9912413ece180fbdfc084c0b854e9321a9e78553932452497bd16a0a9261e2544c1122bebff05722c030d5f1e973a3202276e14a15649aafa970ddbee3b65288e72cc4efe762ff39e81e8e04247bdab2d191157756f968686a1b3ae4b6345d334a3307961f521444d55e06fef599caf01231d5331fedd2c4cc1f9b8ff869a9a230ac183544a91673506cfc81e00aff37f1644517009b296684edb19c97ea676ce39079fa0d2f58a6613ae4648d71f52a130e4196af6d242b78ccb69d1aec2f4b61a65d237f48b9fca0950452f722fe350a694cb86f81caa99968366332f6d06ecb751cd762dd76ccaf539976135b8c73c6f86ff63122e8b19de07c163f3e
27667476,65073443,https://openapi.airtel.in/gateway/airtel-xchange/call/recording?token=XSozh4ATtnka/cY4NT9sTtQGTgVxQXuy0EDTyEbPspN7XYKIRvgVnZ3TrfvvzNHQRhb6YiBiNvxMeZHBcmrdIQ0fejovbReMdBVs9io6mjmPMsdfY8uoIvrL4CirTug6,727,Henna Hair Color,15:09:31,15:12:09,157,70633,Satara,Maharashtra,51,"Hair Henna Mehendi Powder, Shreemati",ANDROID,,13,727,https://openapi.airtel.in/gateway/airtel-xchange/call/recording?token=XSozh4ATtnka/cY4NT9sTtQGTgVxQXuy0EDTyEbPspN7XYKIRvgVnZ3TrfvvzNHQRhb6YiBiNvxMeZHBcmrdIQ0fejovbReMdBVs9io6mjmPMsdfY8uoIvrL4CirTug6,gs://im-model-product/pns/f50c2ac63b50b6753286777613fb701ad14ceac7e3bfb14f6a854858ff9603b1.mp3,https://storage.googleapis.com/im-model-product/pns/f50c2ac63b50b6753286777613fb701ad14ceac7e3bfb14f6a854858ff9603b1.mp3?X-Goog-Algorithm=GOOG4-RSA-SHA256&X-Goog-Credential=mayank-docker%40model-product.iam.gserviceaccount.com%2F20251205%2Fauto%2Fstorage%2Fgoog4_request&X-Goog-Date=20251205T080830Z&X-Goog-Expires=604800&X-Goog-SignedHeaders=host&X-Goog-Signature=0dae05067e021048f4085d214c0165767ebd9dcea2e548089bc91bdce099aac8bd1da0b3349d7c0590715495bae2a62cc41499a9d7105f5cd0620a773d6b4fa01aa1cf1543eab9eb4c6d9c3248939639b68a75cbb2e28bdf010d9b85ef58caa6e4c2fe23756888520149947da2a5944b01bcb63475ce1457c9588179111507f33693c14473b97e078dfcc52aecdeb4af8ee8efd4332b0f85657d86e13736d9ba7db8a11491d937eb0416e9622fb75a1807e2ff85166e0cb8e1873b4071701febd4f19792ede7708d94bf45e2090cfd7e3feb7a96bd5853447480e3012fd85e0994fe0de5265118bc2efdc1ca63c69b76c1dfad9f411695e944fd92c20d0ec200
44145746,2151709,https://openapi.airtel.in/gateway/airtel-xchange/call/recording?token=XSozh4ATtnka/cY4NT9sTtQGTgVxQXuy0EDTyEbPspPwpCKqisSUnemXl94ZRLa3VnjUUoJ0lhlo2zH5 JbYTWWp5wHXp3S3HmyNrUN6IMiPMsdfY8uoIvrL4CirTug6,162932,Stainless Steel Bench,13:13:46,13:17:40,233,70743,Kanpur,Uttar Pradesh,1,4 Seater Stainless Steel Bench,IMOB,918,5,162932,https://openapi.airtel.in/gateway/airtel-xchange/call/recording?token=XSozh4ATtnka/cY4NT9sTtQGTgVxQXuy0EDTyEbPspPwpCKqisSUnemXl94ZRLa3VnjUUoJ0lhlo2zH5 JbYTWWp5wHXp3S3HmyNrUN6IMiPMsdfY8uoIvrL4CirTug6,gs://im-model-product/pns/b771d96965034c3a4ec0f7a515f4db7e9b0c7b1058f58297df77e14950bb4280.mp3,https://storage.googleapis.com/im-model-product/pns/b771d96965034c3a4ec0f7a515f4db7e9b0c7b1058f58297df77e14950bb4280.mp3?X-Goog-Algorithm=GOOG4-RSA-SHA256&X-Goog-Credential=mayank-docker%40model-product.iam.gserviceaccount.com%2F20251205%2Fauto%2Fstorage%2Fgoog4_request&X-Goog-Date=20251205T080830Z&X-Goog-Expires=604800&X-Goog-SignedHeaders=host&X-Goog-Signature=72a28541152573d86fa5234a3d42044f580789e2c235d0029b8646daff70b1cc1c6e291e425108fec7528c9acd720a5383cf8b555a57fdee3fa63d8f3f22e0a35c9130cfefb945482c2f0c46db100d14ddef0becc0bb212474523a4a03864f586b637996581349705506bf93a65c5e18b950c54c8f8e19a1bac7918ca8be28424a1eb4b7c87e876a17130b0203f314d75cb089264e0f0bdb21b4983dd99e522c201cae7fb67aac6d148b05bcbc20cd4d067f16948330cba0c2b4ab7e0b697e73535711a33f0b14685ba9e5a2d1c112bb159199a24b52d38f18fb59a43869e952a83a665e9567ac481a95f5f7d4c4d4bd4a78c3c71200c8e7bb79eb2e7dad7e2c
136553627,27822724,https://openapi.airtel.in/gateway/airtel-xchange/call/recording?token=XSozh4ATtnka/cY4NT9sTtQGTgVxQXuy0EDTyEbPspNTW WfNBzGgpLQb fu4JZhQmo/80BALU9NvV5lcKJgPjytoO7LM4rV4p3Z1qfJdjWPMsdfY8uoIvrL4CirTug6,208751,Bougainvillea Plant,21:15:08,21:18:44,215,73772,Nagaon,Assam,1,Bougainvillea,IMOB,1895,14,208751,https://openapi.airtel.in/gateway/airtel-xchange/call/recording?token=XSozh4ATtnka/cY4NT9sTtQGTgVxQXuy0EDTyEbPspNTW WfNBzGgpLQb fu4JZhQmo/80BALU9NvV5lcKJgPjytoO7LM4rV4p3Z1qfJdjWPMsdfY8uoIvrL4CirTug6,gs://im-model-product/pns/13bfcab6bad7b0a41aa4b7b0a389cb445965da9472198fb6bbf122ba1cc10761.mp3,https://storage.googleapis.com/im-model-product/pns/13bfcab6bad7b0a41aa4b7b0a389cb445965da9472198fb6bbf122ba1cc10761.mp3?X-Goog-Algorithm=GOOG4-RSA-SHA256&X-Goog-Credential=mayank-docker%40model-product.iam.gserviceaccount.com%2F20251205%2Fauto%2Fstorage%2Fgoog4_request&X-Goog-Date=20251205T080830Z&X-Goog-Expires=604800&X-Goog-SignedHeaders=host&X-Goog-Signature=32033d33f1665a1ca1d86488668852d178fedfe7f6afea519716dd6b21777368c3c643ab15909398e4b3e6f044d9016de673bf693eb146b8ce898225c5e93a15c251389e67096ab6bd0411c8ccceacb1ff49f06b71d69d669fb6ad95d8c105d32fc0e434aef617f1e70d903a5dd633ee62c093f86325e8865ca5f314db6eecb1c1cc10f696bc209b9ea48cfadddb3126a3ed3cf2c749bfe25d562789015e7461811b1b7dac1831798db6210da348f8c0d7a10851989e974b5a75645c2cd47e4e08b66b78d184cbfde5f29e34befa237bd3db7fdf128dcdc892af403c32fa8eb5f6139719aa224d4a3d1d5998ac1788f6dcb8c18ce842361373c7f8f136d278b0
31034841,46184183,https://openapi.airtel.in/gateway/airtel-xchange/call/recording?token=XSozh4ATtnka/cY4NT9sTtQGTgVxQXuy0EDTyEbPspMUWmQKvEwh9QqSB tox3MHHqVZG66HlxXMuLzFQE8MgrDNUuf/v2nq4Vni9ye9IGqPMsdfY8uoIvrL4CirTug6,188993,Cold Pressed Sesame Oil,18:44:35,18:46:19,103,100250,Dankuni,West Bengal,12,Cold Pressed Sesame Oil,IMOB,1966,7,188993,https://openapi.airtel.in/gateway/airtel-xchange/call/recording?token=XSozh4ATtnka/cY4NT9sTtQGTgVxQXuy0EDTyEbPspMUWmQKvEwh9QqSB tox3MHHqVZG66HlxXMuLzFQE8MgrDNUuf/v2nq4Vni9ye9IGqPMsdfY8uoIvrL4CirTug6,gs://im-model-product/pns/54e0f5e97958be50465df8ee72f6b218331299b79fba93eea59835e5d31409a1.mp3,https://storage.googleapis.com/im-model-product/pns/54e0f5e97958be50465df8ee72f6b218331299b79fba93eea59835e5d31409a1.mp3?X-Goog-Algorithm=GOOG4-RSA-SHA256&X-Goog-Credential=mayank-docker%40model-product.iam.gserviceaccount.com%2F20251205%2Fauto%2Fstorage%2Fgoog4_request&X-Goog-Date=20251205T080830Z&X-Goog-Expires=604800&X-Goog-SignedHeaders=host&X-Goog-Signature=3f3b6d165fdeb59e26da76bfe98e2938daa4a2d8dd0a88dd49ea624921c155a62432eadb1d49f0cacb0829ad040b13682c9d56ec1d26a3d182b246eee8765ddd52d4da99163f8cf7e42c42f20ae2dbeb3ace4680a650ead48ab1327f6930fe21d6e7e43754e8f29fd07bce6d1579f4e6ae99eb3023be24984a5a4a6ab3ae4aab9eebe6e947197997aa2d8f51dcebdce439070d3d095704f386497f6e313c1124fd7607f3c27b27edefb478fc042cf23ee76a5a0751a420170aedd0a145f0d44411ca9606d44a852f2095a7f67db46244073648bec2f8ef051648c2f6a36242870854783a750a0641dd332331726d533b5fc7d9826f16659afdab327a3085c973
121350104,5189737,https://openapi.airtel.in/gateway/airtel-xchange/call/recording?token=XSozh4ATtnka/cY4NT9sTtQGTgVxQXuy0EDTyEbPspMLwHHcwEMlWzJa0rlr1cPx 6G7FWcF7MhuReaZEkgXT8EVFvirJoldiZwVjYcUmu PMsdfY8uoIvrL4CirTug6,43829,Mini Tractors,12:17:51,12:21:25,214,70637,Solapur,Maharashtra,55,Apollo Mini Tractor 14 HP,ASTBUY,,15,43829,https://openapi.airtel.in/gateway/airtel-xchange/call/recording?token=XSozh4ATtnka/cY4NT9sTtQGTgVxQXuy0EDTyEbPspMLwHHcwEMlWzJa0rlr1cPx 6G7FWcF7MhuReaZEkgXT8EVFvirJoldiZwVjYcUmu PMsdfY8uoIvrL4CirTug6,gs://im-model-product/pns/e08ccde234a6ec5eb3d280c19672ea42c06c2d24bbb7a77cc602dabd05752948.mp3,https://storage.googleapis.com/im-model-product/pns/e08ccde234a6ec5eb3d280c19672ea42c06c2d24bbb7a77cc602dabd05752948.mp3?X-Goog-Algorithm=GOOG4-RSA-SHA256&X-Goog-Credential=mayank-docker%40model-product.iam.gserviceaccount.com%2F20251205%2Fauto%2Fstorage%2Fgoog4_request&X-Goog-Date=20251205T080830Z&X-Goog-Expires=604800&X-Goog-SignedHeaders=host&X-Goog-Signature=5694ee1112173560cce0f92a8df281d930f1783d6f1cbaef921819fe43ea324664fe8a1ba4f6f7cd703fefea8c150b7dd1942c93ea9160cb4aaa67369ba16aa3973cb5f2b21e25d4ec73e649c575901e166ed4f31cb21b4d464f252abb5e558b7370ae289392aa79e131cb1b67bc2ef6b0220c5370a7eee221cc9f1d3bcc138e0d23f1f92eb928bfa80f531b4be888821fb8ba5e6b6df3ae6aadffaa421b4f072c949cd9331a84eda62e4a071812514b37751e47eda891d5e1e635f4a21fc6ac8c70a103d7bfda08ea31ed44d1f54c2ca28b81ad7b6b0d835d3f5de7ca3174df0be96f25ecb8002970f4b3e00565942ecae318719b7565a016c40293c3ddbf14
135820778,35662328,https://openapi.airtel.in/gateway/airtel-xchange/call/recording?token=XSozh4ATtnka/cY4NT9sTtQGTgVxQXuy0EDTyEbPspO20zEbpIDRhwj53xSe6VkfRXKX1OwVhlvvkRYs9Q4OmQ3r2dRUrAFbtNeBYeciYzKPMsdfY8uoIvrL4CirTug6,141363,Rifle Rack,18:08:17,18:09:28,69,73644,Darbhanga,Bihar,1,Mild Steel Theft Proof Rifle Racks,IMOB,592,12,141363,https://openapi.airtel.in/gateway/airtel-xchange/call/recording?token=XSozh4ATtnka/cY4NT9sTtQGTgVxQXuy0EDTyEbPspO20zEbpIDRhwj53xSe6VkfRXKX1OwVhlvvkRYs9Q4OmQ3r2dRUrAFbtNeBYeciYzKPMsdfY8uoIvrL4CirTug6,gs://im-model-product/pns/679e4554efeea82019fa2fbcff923e4a880eca1db5485ae47efb38c6ddac8d84.mp3,https://storage.googleapis.com/im-model-product/pns/679e4554efeea82019fa2fbcff923e4a880eca1db5485ae47efb38c6ddac8d84.mp3?X-Goog-Algorithm=GOOG4-RSA-SHA256&X-Goog-Credential=mayank-docker%40model-product.iam.gserviceaccount.com%2F20251205%2Fauto%2Fstorage%2Fgoog4_request&X-Goog-Date=20251205T080830Z&X-Goog-Expires=604800&X-Goog-SignedHeaders=host&X-Goog-Signature=8059e7c3c9166871c02262cd57fb543595a1f1781a877c32280bf8d3d6a8870538d79c5000cc5d315412fc3651de428b545334dd69e0affde2d2af8052677e4de89f0feba91b82ad6d7594ed48511bcbfc5f7c1e693cc16b176f82f96a64313b32cb14ffbc2c97754cd3654ff2a4648b35743d6a4533632a11594d9bb5ec4a1dbcc0c36c1a5259c0ab807cc25fc7d11eedeb2d821f67cc7c1b4a643ea5a9a2ee327a561b9e39a5636d66cc2ca12c8116c7eb09b07129df89a404126a2f366f16b7a50dbb106b0e3aa187e2307f9c853d612475017566394c18b713ac40c72a0c3c3b528cdf54f92a309483ea1673589db7aedbe1433e3947e7513dc5d0c32daa
110155088,23045082,https://openapi.airtel.in/gateway/airtel-xchange/call/recording?token=XSozh4ATtnka/cY4NT9sTtQGTgVxQXuy0EDTyEbPspMZUnPqYpUsd1IMnxviZ Rhw80Q8gx94mcYLNkrb6181MTI50jsHBSrkAaSz3oD1cSPMsdfY8uoIvrL4CirTug6,40907,Warehouse Racks,10:30:32,10:32:16,103,,,,2,Mild Steel Industrial Warehouse Storage Racks,IMOB,1859,17,40907,https://openapi.airtel.in/gateway/airtel-xchange/call/recording?token=XSozh4ATtnka/cY4NT9sTtQGTgVxQXuy0EDTyEbPspMZUnPqYpUsd1IMnxviZ Rhw80Q8gx94mcYLNkrb6181MTI50jsHBSrkAaSz3oD1cSPMsdfY8uoIvrL4CirTug6,gs://im-model-product/pns/c1742d6ef7d42d95478bdfa2c05cd7f978b6eee14d9d4baea990c63d20bda3b3.mp3,https://storage.googleapis.com/im-model-product/pns/c1742d6ef7d42d95478bdfa2c05cd7f978b6eee14d9d4baea990c63d20bda3b3.mp3?X-Goog-Algorithm=GOOG4-RSA-SHA256&X-Goog-Credential=mayank-docker%40model-product.iam.gserviceaccount.com%2F20251205%2Fauto%2Fstorage%2Fgoog4_request&X-Goog-Date=20251205T080830Z&X-Goog-Expires=604800&X-Goog-SignedHeaders=host&X-Goog-Signature=382a8f0cb5545a0f3e02e5c559686ced93a4265ac77f884d6ff26a3ad2f6e23dc8acc51104ef1fb1cb7d899de312dfcb02f9b3a503fe295262f512f8fbc1a6b881acd0f5e019f6607b4856ec757ea31f79aba5fcddb04a0f3b51ccff34b69e9b9c5cb55e18a05dfe9c3e2b9fd40785995046bdcf56d132acaa20209900d471222f76f214130373e7cde7b0d32989384d7bd987ed57e16f37997b8360f442833310603f15242f53d26c3e89e257c5d924066411ef4f89a6e99ae147088a57486542ada44339708d5a5958e7aea840ffe8feb6f834d0471b851c1f9f2cf7e8bebb9c3097d53fdb008aaaf53b14ee9fb69e53754c9c27e375ba10e2ec35c254fa60
244261629,180641940,https://openapi.airtel.in/gateway/airtel-xchange/call/recording?token=XSozh4ATtnka/cY4NT9sTtQGTgVxQXuy0EDTyEbPspOYYLDRbPcItXyn49ePY7flIS7MBTpo61oZn0U6PUUyXzjno/NVK8uL dDC/9LQMJaPMsdfY8uoIvrL4CirTug6,12905,Motorcycle Brake Master Cylinder,18:15:00,18:17:45,164,73653,Dhule,Maharashtra,2,"Cast Iron APE Piaggio Brake Master Cylinder, For Automobile Industry",IMOB,711,10,12905,https://openapi.airtel.in/gateway/airtel-xchange/call/recording?token=XSozh4ATtnka/cY4NT9sTtQGTgVxQXuy0EDTyEbPspOYYLDRbPcItXyn49ePY7flIS7MBTpo61oZn0U6PUUyXzjno/NVK8uL dDC/9LQMJaPMsdfY8uoIvrL4CirTug6,gs://im-model-product/pns/4825069241dc46e6ee69083e61e7646d930045ba88e477369b6f65312b62a54d.mp3,https://storage.googleapis.com/im-model-product/pns/4825069241dc46e6ee69083e61e7646d930045ba88e477369b6f65312b62a54d.mp3?X-Goog-Algorithm=GOOG4-RSA-SHA256&X-Goog-Credential=mayank-docker%40model-product.iam.gserviceaccount.com%2F20251205%2Fauto%2Fstorage%2Fgoog4_request&X-Goog-Date=20251205T080830Z&X-Goog-Expires=604800&X-Goog-SignedHeaders=host&X-Goog-Signature=6c54d990fdc2f765f83f60058e078dc2828575a4e75aec96faca813e612fe96c8f9bad8e2bed5bdeef6ce8148ee7ef9b2dd1be4724431db27eacf97f16b5aa1d9d4b48316275de6278389a598390b38a91616567049337a37dd3f81f4473f4e8a5a68ffc0e6fa83e3c2356b024f07d47f6370b9e906d8ebb00f6ac0a5d9f0959e4582f228c65deccf335ad85864f9b2a882c5efc9b81f16833af18810aa5b63297156200aff0d0317e7ae94eca50a18685d38d52a6f6dd60976b19e50d11bde40035b4a6d0a649f1e13241fbb4399d9b8d06f47d0b68b8f87135f6a1ac8b64d80ce9843c2f4a87ee36741544325205ed5e5c091ab8b9e47451da19939165bd38
211770745,148141238,https://openapi.airtel.in/gateway/airtel-xchange/call/recording?token=XSozh4ATtnka/cY4NT9sTtQGTgVxQXuy0EDTyEbPspNkDjSZhnb38ZXodhF/vJPKEUJMEoTdtpLh2RyEdzPhoQYuGreOAg3W7k3YMom/FK6PMsdfY8uoIvrL4CirTug6,39951,Touch Lamp,11:01:23,11:02:46,82,78253,Gondal,Gujarat,1,"Cute Panda Silicone Lamp, 7",IMOB,368,11,39951,https://openapi.airtel.in/gateway/airtel-xchange/call/recording?token=XSozh4ATtnka/cY4NT9sTtQGTgVxQXuy0EDTyEbPspNkDjSZhnb38ZXodhF/vJPKEUJMEoTdtpLh2RyEdzPhoQYuGreOAg3W7k3YMom/FK6PMsdfY8uoIvrL4CirTug6,gs://im-model-product/pns/5340a88d9b952ec1bb53f62a8044e921c0db5216680111cac046efb5d4aa5cc9.mp3,https://storage.googleapis.com/im-model-product/pns/5340a88d9b952ec1bb53f62a8044e921c0db5216680111cac046efb5d4aa5cc9.mp3?X-Goog-Algorithm=GOOG4-RSA-SHA256&X-Goog-Credential=mayank-docker%40model-product.iam.gserviceaccount.com%2F20251205%2Fauto%2Fstorage%2Fgoog4_request&X-Goog-Date=20251205T080830Z&X-Goog-Expires=604800&X-Goog-SignedHeaders=host&X-Goog-Signature=36c99e381ed424ac148f9e824befea2298bab4fe33060717205764811fbb94fa16e8eba70e16f2f65f452d3d2532b77413b7cadaab7764ae29bce9a55729b6ca23a0d0c88bca8dc90ec6825d5a68cf2fbe35e6dc1dc0d66f7df359d83c73be6a19c0e0b02b9d2748dbb417c38c3b59eab99f4c23a2b9aa252879108070dc4b054418bc328d84355ef388285e0017b10446da6213d3e91bf02c8fdd6262854bd64d59aaccabb8bd95d0bd5b36d399564f037df36e29c3df777ca49abbc34ce8c06bd23c84005099a72f38909579c589826cc73bc8f81db3c829ae6554dd7dd6e5f79e7ef3f15e3a7d705afbb4bfd4acc15459c4bfe7d4ec7527ca1c891b41fba2
191124872,94072696,https://openapi.airtel.in/gateway/airtel-xchange/call/recording?token=XSozh4ATtnka/cY4NT9sTtQGTgVxQXuy0EDTyEbPspMf4hpJ7bVQQB5HmJyNofizCImFobrykOjFfjiQAkX vaEoAa7EOIDiUs5ANu08oa2PMsdfY8uoIvrL4CirTug6,6776,Ladies Earring,12:54:23,12:55:52,89,70469,New Delhi,Delhi,1,Multicolor Ladies Earring,IMOB,902,13,6776,https://openapi.airtel.in/gateway/airtel-xchange/call/recording?token=XSozh4ATtnka/cY4NT9sTtQGTgVxQXuy0EDTyEbPspMf4hpJ7bVQQB5HmJyNofizCImFobrykOjFfjiQAkX vaEoAa7EOIDiUs5ANu08oa2PMsdfY8uoIvrL4CirTug6,gs://im-model-product/pns/2f2c1fb3c271e812496d6ac86914024a875800ecf3019f4c144d8d6f30a979cc.mp3,https://storage.googleapis.com/im-model-product/pns/2f2c1fb3c271e812496d6ac86914024a875800ecf3019f4c144d8d6f30a979cc.mp3?X-Goog-Algorithm=GOOG4-RSA-SHA256&X-Goog-Credential=mayank-docker%40model-product.iam.gserviceaccount.com%2F20251205%2Fauto%2Fstorage%2Fgoog4_request&X-Goog-Date=20251205T080831Z&X-Goog-Expires=604800&X-Goog-SignedHeaders=host&X-Goog-Signature=85ab87c1f4bc1806a73e10c072c1f70e4d27de48fd47fe5e1dbea00974bf0ae9b3bb17756c8c2ea14044fb156593fdaef5297839e25e90617faeb17eca580fa34719037840d590b7b47bf04fb0bd28d478ceb7dcc00768008e8297effce9027ad8d50f22c2035146e6cf7ca662eb3e85999635a6d313af16d313c59e6a31f625c5726c0cb409a273280f1e0f972f857db8c0942bf8e0bad4885800b8f6fa38e2c104e8da1500d6dc5345ed2c4f32f2b30e3c191bb428fe08fa7c872e9f68d3aca632584c787d2f3be348bea7b7ae2c1b513af177bce6c16ffa46a8931753be096b0af79b120187f4b1b6f5baf19e3a7365bdd597e92e12064a8ef5ce7b33dacb
68225743,161436926,https://openapi.airtel.in/gateway/airtel-xchange/callv2/recording?token=XSozh4ATtnka/cY4NT9sTtQGTgVxQXuy0EDTyEbPspPyEYWwgFk1q83GVufKNuge3tYymY6c41Qy Y1n9h/E/J9eTteTxDQ6bl82Jk4mW7iPMsdfY8uoIvrL4CirTug6,183086,Quinoa,12:17:28,12:18:54,85,79111,Sagar,Madhya Pradesh,51,"TEK Quinoa Premium Super Food, Packaging Size: 250gm, Gluten Free",ANDWEB,,11,183086,https://openapi.airtel.in/gateway/airtel-xchange/callv2/recording?token=XSozh4ATtnka/cY4NT9sTtQGTgVxQXuy0EDTyEbPspPyEYWwgFk1q83GVufKNuge3tYymY6c41Qy Y1n9h/E/J9eTteTxDQ6bl82Jk4mW7iPMsdfY8uoIvrL4CirTug6,gs://im-model-product/pns/1a127202eda325db57a94c00592e21e0b47743230e2900c75f1640ad01a870d9.mp3,https://storage.googleapis.com/im-model-product/pns/1a127202eda325db57a94c00592e21e0b47743230e2900c75f1640ad01a870d9.mp3?X-Goog-Algorithm=GOOG4-RSA-SHA256&X-Goog-Credential=mayank-docker%40model-product.iam.gserviceaccount.com%2F20251205%2Fauto%2Fstorage%2Fgoog4_request&X-Goog-Date=20251205T080831Z&X-Goog-Expires=604800&X-Goog-SignedHeaders=host&X-Goog-Signature=8ac398ee3045f63546f1975bf6a639a5887ad7f777784f819fdd6937ac9aa8e91b4f41bdcb2a8ba4348bed7e6f6061f211da509cf73e6eebe6d4d23fda540e8c6a690c188a86fc4cd177f75579f0cae3d8667874e6f5dcc791cb0507a3b2856d3ffb1b0606f2ed9b5129a93033a3e0f7692e5da357f272686eef2a2b415158c1a20907506a9f08dedf03ab1ee292abb0c86400375c27e36edf51c9530167cb368630b3a9c440644e896dfb7a8174779cae0da8b717d0e78bbaed7a919eb99f97eed79f50ab7a9ac2294a00823fac0f1bb6f0e2af0adf15cf1b96a6a3b5cec9434d7194498f8528d045f89deff51a149a5e818ed16088a9ecd3bdf3b9000413ec
124629389,23685939,https://openapi.airtel.in/gateway/airtel-xchange/callv2/recording?token=XSozh4ATtnka/cY4NT9sTtQGTgVxQXuy0EDTyEbPspMFVAOUxTRXKD7ho/U57ua7FIVcdvnTRFKUaCB0  6khuj1BP /Arj1YxhHubO12FCPMsdfY8uoIvrL4CirTug6,190,Blouses,13:38:51,13:40:16,85,70490,Surat,Gujarat,1,Janak Nandini Creation,IOSWEB,218,11,190,https://openapi.airtel.in/gateway/airtel-xchange/callv2/recording?token=XSozh4ATtnka/cY4NT9sTtQGTgVxQXuy0EDTyEbPspMFVAOUxTRXKD7ho/U57ua7FIVcdvnTRFKUaCB0  6khuj1BP /Arj1YxhHubO12FCPMsdfY8uoIvrL4CirTug6,gs://im-model-product/pns/2f7195a94ea54ac5722a14696d64218aef23f70967ef0878ccca3b7df646c1f3.mp3,https://storage.googleapis.com/im-model-product/pns/2f7195a94ea54ac5722a14696d64218aef23f70967ef0878ccca3b7df646c1f3.mp3?X-Goog-Algorithm=GOOG4-RSA-SHA256&X-Goog-Credential=mayank-docker%40model-product.iam.gserviceaccount.com%2F20251205%2Fauto%2Fstorage%2Fgoog4_request&X-Goog-Date=20251205T080831Z&X-Goog-Expires=604800&X-Goog-SignedHeaders=host&X-Goog-Signature=1b5ae4061ff82c00b30ee81fe3f1cad4ad9df6c6fc9068ffc75bb348a7a70d45eb68ee76f31679b26261d4b838b23143cc9196ab8adb51399359e88f76a5e191509bca47cfe20c03fa9919a9e9ba05095570c8dadc40158c146f65f602e0ecfeab6c76db6887d6534131b6159ebbe8f8878c586d875417f577c55951cb3ceb12915df2664695a92a86c0351cfab20162e7c55bc378e27e034e11bf8285b3ccdd68af550f845a6be92b2d36507421b87a2d99039561e59fc0da95da1be1b9bf3b8172b11c5327fd97678dd8c2a8303e09627087d7f841e77693b4df3b5c8082c5f4652d9fa5a2da72f93591b963fde1b45c4aa5b4f352f426f46d10266b589339
66830075,21420910,https://openapi.airtel.in/gateway/airtel-xchange/callv2/recording?token=XSozh4ATtnka/cY4NT9sTtQGTgVxQXuy0EDTyEbPspNIRlcIyTuwoBVvYpx2gZaYwtqxeS21iG F8ykLR/mC92AItpOPAl 955OJbb/cHUOPMsdfY8uoIvrL4CirTug6,28544,Fleece Blanket,14:34:39,14:38:14,215,70472,Ahmedabad,Gujarat,2,Single Plain Fleece Blankets,DIR,114,14,28544,https://openapi.airtel.in/gateway/airtel-xchange/callv2/recording?token=XSozh4ATtnka/cY4NT9sTtQGTgVxQXuy0EDTyEbPspNIRlcIyTuwoBVvYpx2gZaYwtqxeS21iG F8ykLR/mC92AItpOPAl 955OJbb/cHUOPMsdfY8uoIvrL4CirTug6,gs://im-model-product/pns/45b2412c532eff17c0d7c8e899d071a13c487f3c49675423bd0dc3af5f18bdd5.mp3,https://storage.googleapis.com/im-model-product/pns/45b2412c532eff17c0d7c8e899d071a13c487f3c49675423bd0dc3af5f18bdd5.mp3?X-Goog-Algorithm=GOOG4-RSA-SHA256&X-Goog-Credential=mayank-docker%40model-product.iam.gserviceaccount.com%2F20251205%2Fauto%2Fstorage%2Fgoog4_request&X-Goog-Date=20251205T080831Z&X-Goog-Expires=604800&X-Goog-SignedHeaders=host&X-Goog-Signature=8fda93166d5d67fab2baaad3aba1dbf0cc8d3ca74677731d52ce31e655994300b0a09a8de67c24bc7215bfcadcaa57a1fc089e2045b0bf7c36f92eab6b28c72f60ed7244123e33f7a6589a140820c6c921a1868b95867b609d795763636bc309a6622e78266e734f55f4744176673e736b215f638a8a7b76ca8b14503288a06b0b28eefb731b242925e860faf0b6e1bb48581d38b7305b6d26f495ff37c73669b9c82032a9a961181931ad8a720b6f43f2103e18804bf9dc58bfb26f529c7623ed046567e9b4027dfedf545dd219882d7090686ea7f77c40deeb4ed39903795f07047e1aa6b43e87d5f4c7ec20a881e94bfe5e9b68c27613e5ce4fc31a94dff1
245398343,5189737,https://openapi.airtel.in/gateway/airtel-xchange/call/recording?token=XSozh4ATtnka/cY4NT9sTtQGTgVxQXuy0EDTyEbPspPLPI2ehRe4eEj9SgmVo9cTadXrHOb7tFMyj5pKOuPJvAE1Jaom9tWPbXLFoo/pACCPMsdfY8uoIvrL4CirTug6,43829,Mini Tractors,17:37:34,17:39:58,143,,,,55,Apollo Mini Tractor 14 HP,IMOB,,16,43829,https://openapi.airtel.in/gateway/airtel-xchange/call/recording?token=XSozh4ATtnka/cY4NT9sTtQGTgVxQXuy0EDTyEbPspPLPI2ehRe4eEj9SgmVo9cTadXrHOb7tFMyj5pKOuPJvAE1Jaom9tWPbXLFoo/pACCPMsdfY8uoIvrL4CirTug6,gs://im-model-product/pns/d2cdde2a77f0d0a07b50d07c96db2433cf9137467142ec2575d428b8a30e4809.mp3,https://storage.googleapis.com/im-model-product/pns/d2cdde2a77f0d0a07b50d07c96db2433cf9137467142ec2575d428b8a30e4809.mp3?X-Goog-Algorithm=GOOG4-RSA-SHA256&X-Goog-Credential=mayank-docker%40model-product.iam.gserviceaccount.com%2F20251205%2Fauto%2Fstorage%2Fgoog4_request&X-Goog-Date=20251205T080831Z&X-Goog-Expires=604800&X-Goog-SignedHeaders=host&X-Goog-Signature=026aa15debd61c6a477fef17ff0ec6d04e7e613941d444a9504891faed3fefb233f6b26049af61e5c672b627a52436c2ff4a5c24cca153d2077ebfd65dca00f9ea781978085a2935b08eedb49e0d10e7f9e9eef276bbce1e968e7415756768b8bacea86d81ee703a402af1254fe66a37881e7dceb29fc2575640d552cddd214b4d2dcd1e0dc6aa8a3388a8e8c9adf23898fa1c63209b75169c0e34a7bb724c803565864f5e0ad6115d7f4be715a222f48f4436532042da8978f9a60f6a6b43e9da1f7e38d9a9a27f981d3f253bf9f6e4c95e3fe912812a152ba7182444fae247a4a4f28feee896e7c1c5de1ee8d631a8d6908473b0b53eeef7c67152cee775d2
47565764,202452487,https://openapi.airtel.in/gateway/airtel-xchange/call/recording?token=XSozh4ATtnka/cY4NT9sTtQGTgVxQXuy0EDTyEbPspNoz7LIsRhzEixMNlUk0VWw4V 7r0MI/dB9WEaLtbKDs6kDM4leTreOJnq8mHGVCUmPMsdfY8uoIvrL4CirTug6,40557,USB LED Light,21:58:33,22:00:22,109,77020,Athgarh,Odisha,1,AJ ELECTRICALS Usb Mini Led Light,ANDWEB,228,11,40557,https://openapi.airtel.in/gateway/airtel-xchange/call/recording?token=XSozh4ATtnka/cY4NT9sTtQGTgVxQXuy0EDTyEbPspNoz7LIsRhzEixMNlUk0VWw4V 7r0MI/dB9WEaLtbKDs6kDM4leTreOJnq8mHGVCUmPMsdfY8uoIvrL4CirTug6,gs://im-model-product/pns/76a76a2b1c76d65cf1c4b509e34cbfc1c8a983ae979658d2b6678907c4aba684.mp3,https://storage.googleapis.com/im-model-product/pns/76a76a2b1c76d65cf1c4b509e34cbfc1c8a983ae979658d2b6678907c4aba684.mp3?X-Goog-Algorithm=GOOG4-RSA-SHA256&X-Goog-Credential=mayank-docker%40model-product.iam.gserviceaccount.com%2F20251205%2Fauto%2Fstorage%2Fgoog4_request&X-Goog-Date=20251205T080831Z&X-Goog-Expires=604800&X-Goog-SignedHeaders=host&X-Goog-Signature=36c57c1e55a1a6da95a8a36ccdc66d85e6929fe6da50af32f8be2060dde30925d04716bc6650e80a4f187405b3d4aa7c6448c1750f0af68307bd712c9cd6cad851448882e133dbd476fa7540217192539b139147de92e055a17c2b5b7cdc00d0cb8a6a27f92e6acc914ded079191ab2a1ec67baf05d16c11524d7938916249430a11d527e984d4f8a483709c77e2f0655605b0eb9ceab82e3241fc76a03e075d3cb60ac28e520e0e66ddfce1137dbab969906c2e5559d709d176cdef98a5fa0b04b96ce493cbfc9c9d456c9dd8317851a79b021c5fb7b4e13693f43a3d844026ec5ad47aba96df5181ba50b1af0dab11e3d9674ec95cb0af813100df0dffdff3
198348180,68547091,https://openapi.airtel.in/gateway/airtel-xchange/call/recording?token=XSozh4ATtnka/cY4NT9sTtQGTgVxQXuy0EDTyEbPspPm0n9zgblLglgpJA4IomDdKcXifNTeVCworqTl dLY3ri8iMfqymdbghCnl1mRUoGPMsdfY8uoIvrL4CirTug6,23616,Brushless Motors,13:42:55,13:44:24,89,70464,Patna,Bihar,13,ReadyToSky RS2205 2300kV Brushless Motor For Drone-CCW(Counter Clockwise) Direct - FR-02-418,IMOB,625,9,23616,https://openapi.airtel.in/gateway/airtel-xchange/call/recording?token=XSozh4ATtnka/cY4NT9sTtQGTgVxQXuy0EDTyEbPspPm0n9zgblLglgpJA4IomDdKcXifNTeVCworqTl dLY3ri8iMfqymdbghCnl1mRUoGPMsdfY8uoIvrL4CirTug6,gs://im-model-product/pns/bfc47cc1f2a5cebf296301c9381903a1ca61ec4dbf45219510e42ad4a5ad2de3.mp3,https://storage.googleapis.com/im-model-product/pns/bfc47cc1f2a5cebf296301c9381903a1ca61ec4dbf45219510e42ad4a5ad2de3.mp3?X-Goog-Algorithm=GOOG4-RSA-SHA256&X-Goog-Credential=mayank-docker%40model-product.iam.gserviceaccount.com%2F20251205%2Fauto%2Fstorage%2Fgoog4_request&X-Goog-Date=20251205T080831Z&X-Goog-Expires=604800&X-Goog-SignedHeaders=host&X-Goog-Signature=01606c7b982c44b58d45450e5b2c7f9bceefa2365b82c7df16f32251e4892491b79085ffee9fb1fb319fc3ab39184b6b2fd87aca8f537c15e021a49f18c31f0d6553aed077378045b344af09483d8dda59deef637928f17eb875853793d30e00658b4edda2c0cb3c6ff3d5dae7b9a8d8457fb380d7c07634c36ca71c1c9497dd9198b7c5198b932a82a2eb331957f6e96db6038d00d03c889b50fdce51e96a4ac784e695ee3d9d7377f8aea6075c9fd2e4ec6403131f08340ce621c7a409255395f8146204081b04a516b9c64e6d9d803e599acf63811125cff94c17e0c90fd08f028119eac70362c780c6e4833183ac8f51b295fb9281783203ecf9fdb1f54b
29407476,21395068,https://openapi.airtel.in/gateway/airtel-xchange/call/recording?token=XSozh4ATtnka/cY4NT9sTtQGTgVxQXuy0EDTyEbPspOf5PdEBKyHZccpU2lT1v4c794Sq04AO7O6D4D7sf5ct6XGbDq E/Q0yuTF9UsZUsCPMsdfY8uoIvrL4CirTug6,170188,Injection Grouting Service,10:42:46,10:46:22,215,82828,Dehradun,Uttarakhand,51,Injection Grouting Waterproofing Services,PRODDTL,,12,170188,https://openapi.airtel.in/gateway/airtel-xchange/call/recording?token=XSozh4ATtnka/cY4NT9sTtQGTgVxQXuy0EDTyEbPspOf5PdEBKyHZccpU2lT1v4c794Sq04AO7O6D4D7sf5ct6XGbDq E/Q0yuTF9UsZUsCPMsdfY8uoIvrL4CirTug6,gs://im-model-product/pns/fe6a5e3931bb559e41600e606a6a36665b323cd66b8d75ffc9060b25f5571e6b.mp3,https://storage.googleapis.com/im-model-product/pns/fe6a5e3931bb559e41600e606a6a36665b323cd66b8d75ffc9060b25f5571e6b.mp3?X-Goog-Algorithm=GOOG4-RSA-SHA256&X-Goog-Credential=mayank-docker%40model-product.iam.gserviceaccount.com%2F20251205%2Fauto%2Fstorage%2Fgoog4_request&X-Goog-Date=20251205T080831Z&X-Goog-Expires=604800&X-Goog-SignedHeaders=host&X-Goog-Signature=7105d97cf474db5b6ad4427f7b6ce1c1be3225f7d968846da478d76bdc247fbe0f95e281e9af8c44fc983a8ef78235b5dc4ffeaea2d81c72571548ab866d28df04c45a84eabefe3485f4845d459e1b9fd59ca828f1b273d3437fe12ac7c2001a52f643463dcd8d818e2636893d0255a9b0f4cf081ae62c535216dd704093dda634b8cf3801fa4e2ef537471e6bee5c2306389f168d7bdb32a303a9ab383396019636ad41feb86b8aaf5c1bae6288b142dcef5c45a2d392bebb65c4319271cce9d15663742b2321bb347987463990d29d6448d33821c9360e5fcd07a16f9d398f1614b7f875caf50934c0ad605f08353a276a38bf60e58098d6a4d5f0ac231801
130784290,199061490,https://openapi.airtel.in/gateway/airtel-xchange/call/recording?token=XSozh4ATtnka/cY4NT9sTtQGTgVxQXuy0EDTyEbPspPyoctf1RQIYMO10zZtKNjpOEdDy8cZoMwexcfneE5v18IFYonFZHf0ChESvNS7ey6PMsdfY8uoIvrL4CirTug6,216507,Laddu Gopal Mukut,11:55:04,11:56:47,102,70603,Tikamgarh,Madhya Pradesh,2,"God Designer Mukut, For Temple",IMOB,495,12,216507,https://openapi.airtel.in/gateway/airtel-xchange/call/recording?token=XSozh4ATtnka/cY4NT9sTtQGTgVxQXuy0EDTyEbPspPyoctf1RQIYMO10zZtKNjpOEdDy8cZoMwexcfneE5v18IFYonFZHf0ChESvNS7ey6PMsdfY8uoIvrL4CirTug6,gs://im-model-product/pns/0d9d91acf5ec1cabfe793446287b62b2976deeb625ed9e129f83c37b05f714aa.mp3,https://storage.googleapis.com/im-model-product/pns/0d9d91acf5ec1cabfe793446287b62b2976deeb625ed9e129f83c37b05f714aa.mp3?X-Goog-Algorithm=GOOG4-RSA-SHA256&X-Goog-Credential=mayank-docker%40model-product.iam.gserviceaccount.com%2F20251205%2Fauto%2Fstorage%2Fgoog4_request&X-Goog-Date=20251205T080831Z&X-Goog-Expires=604800&X-Goog-SignedHeaders=host&X-Goog-Signature=6ad9b4c7e0bc60216fdff9d157b15595f038f607d8cba3cbb085eaee7f226edfe4b4f4e66c81767de918bb920a0bf34b0f7b177d1d8a9fca1deaf090e2fb28fb097fc58b5533ffa9ce6e0fc5d549610c1dd417184ba9435f03d4e2cd2677f513762d84489594d4c3b66e953b60ed980c65cffd0dbbe68164c47db86ba5e05b242c07e7fb897ed6052bb4a1602e894e308ef82691c2849988b4468f2096c3efc0bc914a17001bbd959a668d0465386187a7d536677ea8d30a25958f5e3a9258621d857475141c5daa157a836b7034944c31d9bd90dffc69df40dc450186aa6ae82a0d2741ab81c24d22f5aa6d1a22bf6cf11a563b70d27f7d324309862bf36a67
80868393,22142846,https://openapi.airtel.in/gateway/airtel-xchange/call/recording?token=XSozh4ATtnka/cY4NT9sTtQGTgVxQXuy0EDTyEbPspOmi2T7W4j7gTCMrsnb7yyjH5zw0QSpBm8Zc74UJE9v1uL3yfVH8HXbv0C164YpJkWPMsdfY8uoIvrL4CirTug6,73223,Soft Fabric,17:41:03,17:42:17,74,70469,New Delhi,Delhi,1,58-60 Super Soft Fabric,IOS,617,11,73223,https://openapi.airtel.in/gateway/airtel-xchange/call/recording?token=XSozh4ATtnka/cY4NT9sTtQGTgVxQXuy0EDTyEbPspOmi2T7W4j7gTCMrsnb7yyjH5zw0QSpBm8Zc74UJE9v1uL3yfVH8HXbv0C164YpJkWPMsdfY8uoIvrL4CirTug6,gs://im-model-product/pns/b56bb98892c8d06c221d9dba7bc0836dfd4e64b33af59e7cc3e27c9faf0a0029.mp3,https://storage.googleapis.com/im-model-product/pns/b56bb98892c8d06c221d9dba7bc0836dfd4e64b33af59e7cc3e27c9faf0a0029.mp3?X-Goog-Algorithm=GOOG4-RSA-SHA256&X-Goog-Credential=mayank-docker%40model-product.iam.gserviceaccount.com%2F20251205%2Fauto%2Fstorage%2Fgoog4_request&X-Goog-Date=20251205T080831Z&X-Goog-Expires=604800&X-Goog-SignedHeaders=host&X-Goog-Signature=41f39a8e5afda5041a5bf83c5bdec49b6198890d12c3ba95a7de0365014d831badf0c27ff3a582dc607c7d0a3c4d5ada535d3c79f14aa74a072cd92b22d0c38f7fed52b65b18d467e691ec8f2bca1eca20f57e4e1ddacff41eda13f0abbf5e1dd7879fa9c149a15357b24d17789b8b8a6329dace60fde8c1b16de96aaac696971de1f05033902e6618fa8851f02c3072d33578384912a4c92f5f117f505ebcab0b2306cc14ce7cf45d3ad3fadce09b6ac468e1f67839b93db83f0a0545fb37c998d0c8e44bdcf98d4861f5a98e7e96fced8ae5741bf55601efbb9246ea662b16472fc1d711ca701c325ade23c4e81af8aff09ecf00773125525c0711d4fb13d7